avg_fitness,fitness_1,fitness_2,fitness_3,time,num_iter,num_ants,alpha,beta,Q,rho,tau0,q0,phi
1.0509403843827994,1.045187116345886,1.052901657461303,1.0547323793412098,606.5133669376373,2000,30,2.1,3.6,0.6,0.2,1,0.5,0.9
